[
  {
    "picId":0,
    "picUrl":"img/1.jpg",
    "href":"http://www.baidu.com",
    "voteNum":12,
    "btnValue":"投票"
  },
  {
    "picId":1,
    "picUrl":"img/2.jpg",
    "href":"http://www.baidu.com",
    "voteNum":32,
    "btnValue":"投票"
  },{
    "picId":2,
    "picUrl":"img/3.jpg",
    "href":"http://www.baidu.com",
    "voteNum":12,
    "btnValue":"投票"
  },{
    "picId":3,
    "picUrl":"img/4.jpg",
    "href":"http://www.baidu.com",
    "voteNum":33,
    "btnValue":"投票"
  }
]