{"name":"李东方","age":32,"sex":"女","score":[{"yuwen":20,"shuxue":5,"english":22}]}
{"name":"汤艳春","age":18,"sex":"女","score":[{"yuwen":10,"shuxue":135,"english":12122}]}
{"name":"王鹏宇","age":42,"sex":"男","score":[{"yuwen":10,"shuxue":153,"english":1122}]}
{"name":"张三","age":23,"sex":"男","score":[{"yuwen":43,"shuxue":125,"english":1122}]}
{"name":"李四","age":34,"sex":"女","score":[{"yuwen":34,"shuxue":125,"english":121}]}
{"name":"王五","age":21,"sex":"男","score":[{"yuwen":54,"shuxue":1235,"english":1232}]}
{"name":"赵六","age":76,"sex":"女","score":[{"yuwen":3444,"shuxue":223,"english":142}]}
{"name":"袁七","age":54,"sex":"男","score":[{"yuwen":120,"shuxue":125,"english":152}]}
{"name":"牛二","age":23,"sex":"女","score":[{"yuwen":210,"shuxue":135,"english":142}]}
{"name":"刘八","age":45,"sex":"女","score":[{"yuwen":1230,"shuxue":15,"english":152}]}

